feature,importancia
Weight,0.34143863120340856
Height,0.1024344523698332
Age,0.09653452198309227
FCVC,0.08571806902791787
Gender,0.060835466010303034
NCP,0.05165975937815818
FAF,0.04333171822878489
TUE,0.04235209349541371
CH2O,0.04113541784545723
CAEC,0.03365587684702923
CALC,0.02948440098847858
family_history_with_overweight,0.02911048684787498
MTRANS,0.018418143043123874
FAVC,0.016169880875953495
SCC,0.005424980831129929
SMOKE,0.0022961010240409377
